ASIN,ItemID,CustomLabel
B00HJ1DULE,363034122577,Z2xWX1pZcg==
B009CYJWAE,363034113588,ZG1XXllZfA==
B015YJ08W6,363034122631,ZGlUWF9VcmQ=
241185130,363034113567,ZWxXX19VcWI=
B075DR9ZPT,363034113687,b2BVXFhTdA==
B00FLWZ0MU,363034113641,
B00D1UWY82,363034118128,
600630579,363034118066,ZWhcW1dWdQ==
B074P3QP43,363034113580,Z2tTXF9WfWc=
B012GKH0FE,363034118186,
B001AXFDRQ,363034122610,ZGxTVF9QfA==
B073B6MPK9,363034118075,YG1TXFlVd2c=
B072BQVYS4,363034118126,ZGBWXltRcGw=
B0078PX6DI,363034118227,ZWlUVVhWdmE=
B003C22KYC,363034113555,Z2BSVFtUdmE=
B01GOFBZ0S,363034122566,YmpQWllRdGQ=
B01CGT3W3O,363034122572,ZWlWVVxRfWA=
B01N5WH6M2,363034118159,
B007CH0M70,363034118218,ZG1XXV5Vdw==
B07D7TGGKM,363034118043,YGhcWF5ZdWQ=
B000I5U62Y,363034118140,
B00ZNON8VG,363034118233,Z2hUVVhScWY=
B015WBFHNG,363034124572,bmlSWlxUfA==
B0063FZUG0,363034122503,Z2BSVFlXfA==
B003T008E6,363034118193,
B008MY8PLM,363034122505,YW9XWVZVdg==
B00881ZCI8,363034122588,YWpQVVlU
B07QRYMHPV,363034122605,Y29RVVlVdGE=
B015FR929M,363034118100,
B00VB08BI6,363034124442,Z2pSWVZRfWU=
B075JC394T,363034124478,YGFSWldUcQ==
B01MQH3YUD,363034118151,Z2lQXVhXdg==
B0727N1WSB,363034118094,ZGhdVV1TcWE=
B07BLQFW5S,363034113576,ZWpWWV9RcmY=
141182865,363034122518,ZWhcXFlZfA==
B07N6QQXVK,363034118147,Y2lXXVdRfGQ=
B07N6QYH65,363034113621,Ym9WW1ZZcmQ=
B00KM713JS,363034118130,
B00CO00Y32,363034113577,ZGpSXVxQdQ==
B007VL74I2,363034113734,Z2pQXF1Sdw==
B06XNM85C7,363034122519,Z2FcWVZYcGE=
B01EL5V7TC,363034122638,ZWlVVVlQcw==
B001MIVFGC,363034124469,Z2xdX1ZQdmY=
B079ZKFB7V,363034124562,ZGhTXVtWfWI=
1982128402,363034124471,Y29XXVdQdGQ=
B01NBKWAVB,363034113650,ZGhUXVZYcg==
B00EIGD9SC,363034118156,ZWBTXldUcQ==
B005FPD49E,363034118199,bmpXVV1Wdw==
B014YMUSAQ,363034122571,Z2xTWl5XdmA=
B0018CLI0A,363034113676,
B0016ZXY8I,363034124565,ZGxTVF5VdQ==
B001D34Z9U,363034113716,ZGhdVVxUdA==
1438266758,363034122539,Y2BXWV9UcGA=
B00N66ZS8E,363034122509,YGxSWl5WcA==
B012H5THFO,363034124503,Y25SWlhQcmM=
B01IF3R8HG,363034113729,
B017NJ2D5U,363034124479,bmFcX1hZdA==
B0197TY1D6,363034122523,YmpcW1ZZcw==
B00B5RFOMQ,363034124480,Z2pQXltScQ==
B00B5RFOMQ,363034124489,Z2pQXltScQ==
B00B5RFP84,363034124587,Z2pTXVlXfA==
1484789741,363034113723,Y2tVXldXfA==
B01N102OR7,363034122581,YmFcX15Sdw==
B079JGNWJF,363034124534,Y2hWWF1SdGI=
B07P7LXLC5,363034113651,YmxcXlhVd2c=
B07TCCLRND,363034122494,Y2pQVV1SdWQ=
B00076CFYG,363034118136,Z2tQXFtYfWI=
B006DX82SK,363034124465,Z2pTX11WcQ==
B004TW7IEQ,363034118046,
B0049U3WPM,363034122550,YG1TXF5ZcWU=
B01M188L3L,363034118170,ZGxXWFxYdWE=
B001OXBXQW,363034113604,
B07L6RRSPG,363034122511,ZG5RXVZXcmw=
B01ARZD2MA,363034122533,ZGBVX15UfW0=
B000JTOX2S,363034113636,
B00U2CPHJU,363034113715,
B005D4O0LS,363034118174,bmFUXFhVdg==
B016YENAUC,363034124521,Z25XW1dZd2I=
B016YENHCI,363034118093,YmhRXFlRcA==
B01LZKRVTD,363034118251,Z25QWldZdWU=
B011O6ZY40,363034124485,ZGxRX1lWcQ==
B0797VH3MJ,363034122591,Z2BVVF1YcmA=
1908072938,363034124487,YmhcVFlSdA==
B07HQJK887,363034113591,ZGBUXl1RfGQ=
B072ZSK5DX,363034124399,ZWxSVVtUcg==
B072QZ3DQC,363034122529,Z2pVWltRdWI=
B00AWP6X1I,363034113728,
B00FDUUHV4,363034124454,Z2xSX15Sdg==
B01M8GT03Q,363034124542,ZG1XX1pXdA==
B00C3D0CDM,363034124545,ZG9SWF9ZdGw=
B01N4U67KX,363034124532,ZGBUVVZQdmI=
B000U703GE,363034118125,YGlVWFdTcG0=
B07KGBZTF4,363034122527,ZWpcVFtZcWU=
B0089WNKVC,363034122629,ZWxdXFZRcQ==
B003BG4VIW,363034113667,Y2xRWldWcmE=
B07FSFPG58,363034122559,ZGBWXltSc2w=
B01IW5ES52,363034118139,ZW9WW15Qdw==
B007KIDP2K,363034124546,Z2xVW1xRc20=
B017W3Y7SI,363034118076,Z25cWVxVcw==
B00S9QIUJA,363034113701,ZWpQWFpTfGM=
B002TPTS52,363034118254,Z2lQX19VfA==
B01MAVS1Q0,363034124516,ZWlUVVhVfGI=
1790650224,363034122468,YG1TXFlUc2I=
B01ECHXQB6,363034113655,Y2FdXFZRfWA=
B0194ZB2DK,363034122609,YG1TXFlVd2Q=
B01KJXCHM6,363034122558,ZW1cW1dVcg==
B06ZZ4L98F,363034118150,Z2hcX1dXfWQ=
B001RWZTI8,363034113665,Z2tUWVpTfGU=
B009W14B4Y,363034118116,YGtTXlhVfGQ=
857113437,363034122642,Ym1SWV9Yd2Q=
B003672Z5W,363034124440,bmhdW1tWfQ==
B018S9KN5G,363034122563,Z2xSWVpXfA==
B07HWT2FKD,363034122555,YGlXVF1Qd2Q=
B0043IVWR0,363034118178,
B005NYEM34,363034122644,YG1TXFlUcWI=
B009RNC1BM,363034118207,ZGtWVV1Tdg==
B00HW06O5G,363034113737,ZGxUX1ZUdWA=
B06XZZ6NXS,363034118217,Y2pUWlZVcA==
B005MYB35K,363034122515,ZWxdXFhWdw==
B004ZDXHRQ,363034122521,YG1TXF5ZfGA=
B001NFOXV8,363034113644,Y2hWW1tVfWI=
B06XP4HK8K,363034124421,ZWBXX1lXcA==
B000GVTCSO,363034118099,YWhSVVtT
1780552025,363034122510,Z2hTVFtVd2A=
B00G511DTU,363034113551,Z2tWXlxVcg==
B003OVZVW4,363034118155,
1785805835,363034118134,Y2FRVVlTcW0=
B000Y854WC,363034113747,ZGlVWlhZfA==
B075F9SMTR,363034122580,ZW5XXV5ScGI=
B001ANVINO,363034113711,ZWpdWVdXdQ==
1908261153,363034124406,Z2xXXFtYcw==
B00YVHGTBM,363034118188,Z2BSX1ZQcg==
B00165X2B2,363034113635,ZG1XX15RfA==
B0018LS1ZQ,363034118146,Z2BXX1ZXcA==
B07GWSYW13,363034118091,
B01CMFPXAW,363034113700,Z2BVXVlUdGw=
B073ZLKM9G,363034113705,ZGxUWFxQdWQ=
B019P1KVCG,363034124583,ZW5SWVlVcw==
B00FG1URSI,363034122656,ZGBWXlpYcWA=
B009W2G13W,363034113681,ZG9XXV1ZfA==
B00V8K16IG,363034118064,
B007Q791DM,363034122486,Z2pUW1xScmQ=
1838541578,363034124531,YG1TXF5Zdm0=
B00YTYV8YA,363034124490,Z2FVVVtVdg==
B01BBVPXFS,363034124422,ZGBRVV5ZdA==
B00KE1LUEK,363034118173,ZGlQWF9YfWE=
B00BPV0BAC,363034113738,ZGxcW1pXfQ==
B01EYICC2W,363034113582,
B000IMFJ7Y,363034118160,ZG9SVFxWfA==
B071ZBJX4D,363034122582,ZGhXW1ZXcmU=
1860542824,363034118050,YmhcW15ZfQ==
B00EKIPFR6,363034113720,Z25TWllTdWc=
B012B7FX60,363034118236,ZW1dWlhZcA==
B00U6IC4BE,363034113714,Z2tTXFxZfGY=
140871048X,363034122583,ZWpWVFZXcmE=
B074K51LND,363034118087,YW5cWlxQdw==
B06X6D51YV,363034113744,Y2FdXFhVcGE=
1409599345,363034118143,YGlQXVhWcA==
B07PGP2DJF,363034113683,YmFWXFhUdGE=
8298149,363034118168,YmhSXlhRc2Q=
1976414652,363034122637,ZWBQVFZUfQ==
1796555290,363034124484,YG9VXFpTfWw=
B073W395GR,363034124500,ZGpQW1tQfGA=
B00F52OBT4,363034113746,b2pQVFlTcQ==
B00HYXQPBE,363034118072,ZGBSWldXc2M=
B0044MH4OA,363034124571,Z2tRWVpTd2M=
B07NF2CYK2,363034122502,YG1TXF5ZdWY=
B00BG417HO,363034113607,
B000ALDM2C,363034113581,YGpUXFxScmE=
B07CXVNFD5,363034118176,
B073KTPNDR,363034124491,Z2BVVFtYc2A=
B0048NC6OI,363034124540,YmlUXFhScw==
1612436862,363034124522,Z2FQVV1Vcmw=
B007N3AX2W,363034118148,
B00PJW5Q26,363034118092,YG1cXVpTcw==
B00K2TO0IW,363034124455,YGlRWVtUdg==
B00AW8H4ZO,363034122545,Z21dXF9Zd2E=
B012HEK44S,363034113724,Y2BXXVxVdQ==
B007HP04UM,363034118228,Z2lRWldUfQ==
060063566X,363034122556,Z2pQXlZRfGM=
B01NAHA9FG,363034113566,ZG1XX1pZcA==
B0010V7CFO,363034122493,ZG9dXVpSdQ==
B01AWGZTIO,363034113662,ZWpUW1lQcg==
B0013DVXCW,363034113592,
B0045J1R5O,363034118208,Z2hQW1tXfWY=
B00OFUGKBY,363034124404,bmldWllTcA==
B00197623M,363034113706,Z2lRVF9Sdg==
B01E7H3NBE,363034113739,
B007VIPFJK,363034113642,Z2lUVF1QfWM=
B07FTGLWDR,363034113741,
B01LBO9N7Y,363034122496,Z2pUW1xTcmY=
B000P5Q4BO,363034124576,YG5SWVZZcw==
1851779787,363034112262,Y2BQVV9Ud2Y=
B01EJ2DMOU,363034113675,Y29XXVdUd2M=
B00BG2X44K,363034124505,Z2lQXFZUdA==
B076LZ4XGK,363034118171,Z2lVWl9Tc2c=
1407186671,363034124533,Z2FXXl9TcWw=
B075QBPDBD,363034122470,Z2pSXFdSdmU=
B00ELPSFWU,363034113565,YmxQXF9Ydg==
B017ASEFFA,363034113579,Z29VWl1RdWU=
B0776S2TT1,363034113663,Y2hSWF1WfWA=
B07HRKP6HS,363034124417,ZG9dXFZXcG0=
B07G761SXS,363034118211,Y2xRW1tZc2w=
1785996266,363034118145,YG1TXF9VcWA=
B00JXFXL7W,363034118231,b2BRWVlWfQ==
B075J9MLFV,363034113593,
B0089DTX0S,363034118223,ZG1SVF5RdmA=
1477617248,363034122645,Z2pdX19XcGQ=
B075735S6C,363034118157,
B000KMF8DM,363034124494,YmtdW1lYcQ==
B01MDQQIKF,363034118221,ZWFVXV5Vcw==
B0745JG8YT,363034122552,Z2BdXF9TcWA=
B00BSYR7K8,363034124431,YGtSXlhQ
B01FJSJ2QK,363034122473,ZGBRVV9Ycg==
241355087,363034124405,YG9VXFpTcmc=
B002NH0EC2,363034124580,ZGBRVFtTfQ==
B077P8GJRG,363034124445,Z2tQXF1Sd2I=
B004R96BEO,363034113749,YGtTWlhU
B0002E1NXC,363034113673,Z2tRWV1UdGI=
B0756J82FZ,363034118137,
B01GOLHFCO,363034118059,Z2hdXFdQdGI=
B002S0NMZU,363034122569,ZWxcXVtZdQ==
B07Y38CZNN,363034113677,Y2FdXllTcWM=
B0002ZO3RO,363034124447,YGtRVFhSdA==
B00169TLE0,363034122592,ZGhVXFZYdw==
1526447150,363034113648,ZWlVXl1Xc2E=
B00777TPFU,363034113570,
B0792T5TJ4,363034118248,
B012CG7KHK,363034113638,YGxSXllXcg==
B001NCDC4K,363034122455,Z2lRVV1XfQ==
B005454IB8,363034122472,YW9WXF9ScA==
B07BRLZ7N7,363034113557,ZGFdX15YdGM=
B002RSOK86,363034113735,
B00VK3STU4,363034124569,Z2xUVFlUfWE=
B00A2TRI0Y,363034118198,YGhRWV9ScGY=
B07CWPXZVP,363034118224,
B00CGPKDJU,363034124566,Y21cWl9QdQ==
B00AV9GD2O,363034113583,YGlXWlZZcWI=
B00017IJO6,363034113637,
B000W4BFG2,363034113587,
B07GXLB5Z8,363034124394,ZGxSWV9Td2w=
B007EB8C1W,363034122590,ZGxTVFhSdw==
B00NP0N1EY,363034122512,YG1TXFlVdWw=
B079Z6X596,363034124536,Z2hRXllWdWE=
B004YWGPO0,363034118210,Z2hRXlZRfWU=
B002C7HORQ,363034118250,Z2xTWl5YdWM=
B01M58O8CN,363034118083,Z2xWXVpTfGM=
B005W439NY,363034113590,bmtdVVZZcQ==
B014EVN5ZM,363034122622,Z2BWWVxYc2w=
B00C1W12MK,363034124420,ZGFQWlxQdQ==
B06ZZJ2LPY,363034113671,YGpSW1hXcg==
B01H3K2TE4,363034124493,ZG5UX1hWdWY=
185103143X,363034122576,YG1TXFlUcGE=
B07DX55KVR,363034124462,ZWhWXltVdGM=
B07DG2THR8,363034113718,YGhSX1lZcmE=
B00PG9FDNY,363034113666,Z2pTVVhZd2M=
B00Y19A9BQ,363034122458,ZWpXXV5Rcg==
1785806068,363034113625,Y2FUXFdZcWI=
B00I0VUMBI,363034124393,Ym1VW1xUcg==
B072MCNGMQ,363034113710,YmhRXV9WfQ==
B07MYMTL17,363034113740,YGxTXF1WdmE=
B01AAEM50S,363034113616,
B002NY761W,363034113727,b2xcWFpScg==
B00VRV66CW,363034124457,ZWhSXFhUdQ==
B07GVN2DHY,363034112263,YG1TXV5QcGY=
B06XDD3K8Z,363034118141,ZGhQVFdZcWY=
B001E1DTGQ,363034113560,YWhSWFxT
B000KG8FT2,363034113623,Y2lWXlpWcg==
B07C9V1MG7,363034113645,
1316503992,363034118121,Y2BVWl5XdG0=
B01I3HCEB4,363034124564,Z2BSVFtQfQ==
B0797S5L1Y,363034124563,Z2BQVFxRcm0=
B01CX8R8TC,363034124425,Y2lWW15Scw==
B072XFTHJZ,363034124443,b2hcVVdWcA==
B01M0SANKN,363034124418,ZGpcWldRdQ==
B00IGBSTM6,363034113552,Z2pTWVtXcA==
B001JR5VZW,363034118201,Ym9SX1dWc2E=
B00B4CBFWA,363034124468,ZWhcVVhTfQ==
B07JJKS49B,363034113573,YG1TXFlUcmw=
B07S8LXXKQ,363034118120,YG1TXFlSfWQ=
B07XGBKXLH,363034122551,YG1TXFlUcGw=
B00VC1ERPA,363034118058,ZGlXVF5QfA==
B07BWMNVQC,363034113679,YG1TXFlVdWM=
B06XHGS4JS,363034118118,Z2tUWVtXcW0=
B001W030HM,363034113586,ZG1dWVlVcA==
B01C8W1WE0,363034122618,ZGhUWVxRcA==
B001NUYLN8,363034113558,ZGhUXlxVcg==
B00ITJEBQ8,363034124390,Z2lRVVlXfA==
B00ITJFNBU,363034124551,ZGBQWV1Qdg==
B07FSGTBXH,363034118056,ZGhSWFxWfWQ=
B01MU38V7E,363034118044,YmlTVFZZfGU=
B016JQDRNU,363034122650,Z2pRVF5Ycg==
B01M4S5U7X,363034122535,YGpQWFhYcw==
B06XCNNT4B,363034118209,ZGxUXlZSdGI=
B00IG330O6,363034122540,ZG9dXl5Wcg==
B00006IVVD,363034118074,Z25cWltSdQ==
B00T7ULUE4,363034124448,Z2BXX1ZVcQ==
B003WQFADG,363034118133,
B07GZWP1MY,363034113596,
B01M25SLFJ,363034112260,
711974314,363034122660,YG1TXFlSfGA=
751565369,363034124444,ZGBQXVZQdQ==
B00TQ5EXQM,363034124456,ZGBdVF1Tdw==
B009C6RH9U,363034122649,YG1TXFlUc2Y=
B07K2RNQJ4,363034118073,ZGFdXFlYcmM=
B00KESZNRS,363034124460,YWxTX15YdA==
B0158W1R74,363034124386,Z2hdW1tTc2E=
B01N491P91,363034122599,Y25RX1dXdA==
B00L6PUFBC,363034118213,Z2lQXVtXdw==
B0080S2XFO,363034122625,Z2xXX1dUfA==
B000S5N6E4,363034118060,bm9XW1ZVfA==
B000WKGBX8,363034124498,Z25dX1tVcw==
1405929669,363034113698,Y25QX1dYdg==
B07PFG1VN3,363034113664,ZW1XWFtWfGc=
B00BM29YZM,363034113719,
B01N7FTWXE,363034124400,Z2pSWFZZcA==
B008O4FO14,363034122598,Z2lQXlZYd2Y=
B07CTDVTC3,363034124414,ZGFWXVZWfGw=
B07VD4ZTTT,363034113688,Y2xXVFdYcGw=
B006TDEV20,363034113680,
1407143492,363034124537,YG1TXF5ZdmE=
B00FC4ZAIG,363034122483,b2lSVVlRdg==
179294148X,363034124398,YG9VXFpScmU=
1405933941,363034124552,YWpSW15Ucg==
B01HBTKF7A,363034122553,Z2xXW1hWfWQ=
B01MU5YPGI,363034122627,ZGlXVF5Sdw==
1911219588,363034122564,Z2xcXlpTfWE=
B07DTMNYPP,363034118112,ZGxUX11Qd2M=
B07GRVRTY6,363034124466,YG9VXFpScWw=
B008423H7O,363034124529,Y21WW1hRdGM=
B073W7S267,363034122662,YmlWWV5TdA==
B01D37GTY2,363034118098,YWhdXF5Y
B072HH3G7G,363034118162,
1405921196,363034124509,YGtSX1tT
B00004WP7P,363034113707,YGhXXlxQcWw=
B01KVCW1IA,363034122624,ZGxcVV1VcGY=
B001EJOHYG,363034124411,Y2lSVFdRfQ==
B0743LPYDH,363034122663,Z2tQXF1TdGQ=
B00AU0MGY8,363034122606,Z2FUWVdYcWM=
B07CK9SHZG,363034118048,ZGlVWF9WfGc=
B015VEAR8Y,363034122497,YWtdVF9ZcQ==
B00SYW4S9A,363034113556,Z2pQXFlRfA==
B07KLPTWSR,363034124524,Y2FUXFdZc2Q=
B015QEBTHW,363034113695,ZWpQVFZVdGY=
B01A8RKCO8,363034113696,YGtSX1hV
B002PHLZJ6,363034118117,ZGhdVF5QdA==
B010T1RCVO,363034113732,Z2xUXlpTdg==
1530746442,363034124481,YG1TXF5Zc2I=
B010G6972O,363034118164,ZGBSWVpRcQ==
B07DPHDPPH,363034122600,Z29cXVZYcWc=
B071XD861J,363034122548,Y2xWW1hWfA==
B07P5D389J,363034124415,YG1TXF5ZcmU=
B003UDV4SQ,363034122612,ZGFVWF5Sdw==
B01A2UZS22,363034118089,ZGFVX15Sdg==
B00MBS1NA0,363034113606,ZGxUXVdScmc=
B001B7MBIA,363034118243,YG5RXltTdQ==
B071G3H25B,363034113692,YGFSWV9ZdQ==
B004U1HK6C,363034122457,Z2xSXlpVdA==
1474947794,363034118081,YG1TXFlUc20=
B0009R3I8A,363034122474,b2BRW1xSdw==
B00HYY7I0A,363034118122,ZGFQWl9Zcw==
1849381577,363034124410,YG9VXFpSdmc=
B00A8K048U,363034124575,ZWlVVF5QfWQ=
184414433X,363034113562,
B01MRHZZD6,363034122557,ZWlXXlhTdGE=
B00H9YP1UE,363034124407,ZGhQX1hXdmE=
B00Q7R1GN0,363034113731,YGhTVVtWdWc=
B076VC2M7Q,363034113608,Y2tRXVpUdg==
B000KU941G,363034118238,ZWpSWVdXcA==
B07GXMBMFK,363034124510,ZGhSWF9TdGc=
B07K1KY2WT,363034124452,Y2xUX1pTcWE=
B01G8STCF6,363034122623,YW9QXVpYdg==
B01FSAU03S,363034113743,
B0063HMT30,363034122560,YG1TXF5ZcmI=
B076J8KFKP,363034122570,YG1TXFlUfWM=
197803623X,363034122479,YG1TXF5ZcWc=
1723764515,363034124449,ZG9dVVpVcGE=
1529376416,363034113600,ZWhWXV1Uc20=
B07CZ4FXJD,363034113569,ZW5WWVxZcmM=
B00I5PR0T6,363034118135,ZWlXXlhSc2U=
B01K242CS6,363034118049,YG1TWFdWdA==
B07PCLXG8V,363034113736,YmBRW11VfWQ=
B00N3PINGW,363034113611,Z2BVXVZVcmM=
B000YJF3XQ,363034118214,bmhQWlpS
B00JFRO6FE,363034118085,ZWxWXVhQc2I=
B07N355W9M,363034122541,Y2FdXlZSdWQ=
B07BMSBD3F,363034118165,YGlXVF5YcGE=
B00KNWVPFO,363034113652,ZWxcXlpRdw==
B00OG2A1DO,363034122575,Z2hcXlxVdGQ=
B07JL42TL9,363034118240,YG1TXFlUcGI=
B002L1YPVG,363034118062,Z2lRVF9XfQ==
B0096ND8HE,363034124553,Y25SX1tWdw==
B00D1UJ01G,363034113748,
B00FPMIN8Y,363034122594,ZG5cXV1YfWU=
B072F6X8TP,363034124538,ZWpTXFZSc2U=
B01M033VW1,363034113622,ZW9VXlpQcw==
B0041RXI16,363034118167,
B004DJ51HQ,363034118219,
B07VG92ZL5,363034122621,YG1TXFlUcWw=
B000F8T9HW,363034118158,
B00361NV88,363034118088,YWhTXF5W
B000MWRM8Y,363034118183,ZWxdVVlQcg==
B00IPDLXR8,363034118239,Y2FSXVxYfQ==
B06W9NJTKV,363034122485,bmhRXl1UdA==
B000E8S8XO,363034122604,b25RX1pY
B005ERBYEU,363034118067,
B00004WKPM,363034118131,Y2BUVVpZdQ==
B003IS3HV0,363034113689,Z25cWFdWdw==
B00GFS4T6M,363034124429,YG1WWltRdQ==
B079ZS78W4,363034124488,Z2xSW11TcGU=
B00961KPUE,363034122536,ZGBQXFhWdQ==
B07K8P2D46,363034118095,
B0071ZLG2I,363034122500,ZWxcXVdZcw==
B07C6T6GT2,363034124548,Z25WW1pXfWc=
B01BVP4MIS,363034118253,Z25SW1xWcQ==
B077CMFW3C,363034113643,
B001A6EKOU,363034113630,
B004W78EFK,363034124475,YG1TWF5Scg==
1405288698,363034122567,YGhVXl5Ycw==
B003YLK1X8,363034113602,
B07CTL55TP,363034113750,
B00GJOHJBY,363034118053,Z21dW1dYd2M=
B0758JS7FG,363034118197,Z2hUX1hTc2U=
B00000J1YS,363034113605,YGhWWVlXcmw=
B07F99WH5Y,363034124506,Y2lSXl5Wcmc=
B06XQYD3H5,363034124441,Z2hdWFhVfGA=
1474960022,363034122630,YG1TXFlUfWU=
1474960049,363034124403,YG1TXF5ZfGI=
B07P9P79N3,363034113726,Y21SVVZRdmc=
B00IT4BPSK,363034122526,YmlWWldRdw==
B00CJ8L8ZM,363034113617,b25WW1pS
B00CIJZD5S,363034124416,Z2hcVF9TdmE=
B073PXJXR4,363034122565,YGlTWldZdQ==
B004AVCJQS,363034122640,Z25UWVtUfGE=
B071WKHLDD,363034113575,Z2hXVVhSd2Y=
B07JX76JV9,363034113668,YmlQVVlQfGY=
B0037W5Y2W,363034122648,ZWlXXltSfGQ=
B075R5DQ5R,363034124549,YmlXWVtSfQ==
B00UATURWW,363034122471,Z2lQXFZRdw==
1785807137,363034122456,YG1TXFlVdWE=
B073RHL84X,363034122528,Z2tSW1pTcmQ=
B00OBFW5O4,363034118054,
B01BWLMPZS,363034124432,Z21SVV5UfWU=
B07RB9NYP4,363034113722,YG1SXV1XdGM=
B078N49W1V,363034113713,ZGlcVV1WdGM=
B004LT9CAU,363034113613,Z29WVVtSdWU=
B07B5DY1NM,363034113626,
B013G2VIHC,363034124530,ZG5dXFhWcw==
B07V5BLLGN,363034113578,Y25QWVhUcmY=
B01D886TLE,363034124515,bmhdWVdY
B01D886TE6,363034124539,ZGxTVF1WfQ==
B01CYHL9LK,363034118079,ZWtTXFxRdGY=
B073P7MTMM,363034122467,Z2pXXVdUcGI=
B01LTHMGT0,363034118069,YmpcXFpVdQ==
B07SLBZB98,363034113699,Y2tQWVlYdmc=
B005X9SS2A,363034113640,
B073Q97T72,363034113584,Y2xWXFtYfA==
B072JSN6RV,363034118041,Z29cXVlQdmQ=
B01BLE1CA0,363034113685,Y2lSWV5QcA==
B0029PT4KG,363034122531,ZW5RXlpWcw==
1450540392,363034122520,YG1TXF5ZdmA=
B07WPDKYLP,363034118077,YGlXVVlQdmE=
B01J3VRG3K,363034124385,Z21cWl5Zd2M=
B071CGJNHS,363034118061,YGhSX1pXdWQ=
B003JFJF54,363034124402,Z2lRW19ScA==
B001NCDE7U,363034124424,YG1TX1pZcg==
B001N86A8E,363034124559,Z2pXXFpUdWE=
B00099ZUL6,363034124544,ZG9VWV5YfQ==
B00002559D,363034118184,
B0079FCBBK,363034118154,ZWhTVV9Tdw==
B07D5WR3F7,363034113595,ZWhUXFtRfWE=
B07D5VNTTV,363034113690,Z2BVVF1YcmY=
B01MRGY6G6,363034113672,bmtUXlpZ
1789081904,363034124467,Ym5UVFtVd20=
1789081475,363034124525,YG1TXF5ZdWI=
1789081718,363034124507,Y25SVVtVfGY=
1789080568,363034118181,Z2BUXl5RfWY=
B07LB8B7RK,363034118103,YmtWXVZTc2Q=
B00K2U4HIY,363034124527,Z25RXVdTdg==
B01L62MAUS,363034113691,
B06VTHL51Y,363034122480,Z2tWVV1Vcmc=
B00AU17L8S,363034124436,Z2lQXV5Sdw==
B074WR9ZKJ,363034124591,Z2tXVFdRfWQ=
B00W5F3GJ0,363034118123,ZGxTVFdXdg==
1589474783,363034122478,YWpTWldZcg==
1849154236,363034124409,ZGhQXV5Wcg==
B06XKVRGYF,363034124586,Ym5RXFxUcA==
B071L1SK8R,363034113550,Y2FVXl5UcmA=
1785806343,363034122492,Y2FRVVlSfGw=
184919887X,363034124568,ZGBQWVhSfQ==
B076KDTPJ4,363034124574,Z2pdX1pTd2c=
B07H7GPVN2,363034124535,YG1TXF5Zd2c=
B01MZAGFE7,363034122517,ZGpQVF1YcWI=
B000A42CFC,363034124579,YmpSWltTdQ==
319242439,363034118052,ZGpQW1pYcGY=
B00AER41YU,363034118129,
B00BF9NEXK,363034118149,
B007PZEC52,363034124483,Z2xVWV5UdWA=
B01MUF3WBW,363034113708,ZWlXXllQcmA=
B00N5X412M,363034122651,ZG5RX1tYcA==
B011UOA7QQ,363034118107,ZGFQWl5Vcg==
B071HY241R,363034124423,YWBTW1lScA==
B00022TPSY,363034113631,YGhWXF9WcmU=
B00PWNAUNM,363034113674,
B006514HKM,363034124582,YmxXXVhUcw==
B07GWLTJ12,363034122608,YG1TXF5YcGc=
1789461723,363034124387,YGlUXVdYc2E=
B01419TMU4,363034113632,
1785211056,363034122611,ZGBQVF1WcA==
B00B3L8M2S,363034118225,
723292116,363034113660,ZGBQXV9UcQ==
B077YQQ79T,363034113686,Z29VVV1VdmE=
B016DSFWYQ,363034113574,bmtcXVlXcA==
B004INXTIK,363034113684,YG1TXV5RcGQ=
B0100WKFMK,363034124419,ZWpTXFdScmU=
B075Z3K6N1,363034113661,YGhSX1pYdGM=
B076X52XRK,363034124523,Z25XWFxTc20=
B005CX4KQ0,363034118245,ZW5QWFZRdA==
B00RUT3D5S,363034113742,YGhRVFhSdGY=
1529023068,363034124514,YmBSX1dUcGE=
1529014069,363034124585,ZWlQX1dQcWI=
B00AGMB5QK,363034118108,
B01EKG3YWU,363034118084,
B004LM3BJK,363034118063,Y2pTWV5Ydw==
B06ZY6MLW6,363034122574,YG1TXFlUcmA=
B00IW5F8I4,363034122465,
1910965367,363034124486,Y2hSXFpWfGw=
B000NT2EO8,363034122463,Z2lRW11SdA==
B00QRRZ2QM,363034113659,ZGxUWF1XcmY=
B002WHKR20,363034113589,ZGtUWlhRdQ==
B01EVCION2,363034118082,
B00006IEEU,363034118205,
B07K19KWM2,363034124482,ZWpQVFtUdGI=
B007FB3YBO,363034124543,ZGBRVFdTfA==
8260176,363034113669,YmFXVVpSfQ==
B00BEXP5MA,363034124495,Z2hdVFlYfA==
B000S89UGO,363034124408,YG1TXF5Zdmw=
B003WPJEYI,363034113620,ZGBQXVxSdw==
B0031YFELM,363034118194,Z2tRWVlRdmQ=
B000NMAOYM,363034118086,Z29dW1ZYdQ==
B000KJOA52,363034118115,Z2pRVVZZdw==
B07FBGJ3YL,363034113639,
1592337619,363034124396,Y2xUWlZQdQ==
B004R9B19Y,363034124508,bmFSWFdTcQ==
B016GYYWQQ,363034122489,YG1TXF5ZdmY=
B00YOX4JU6,363034124459,b21TXVxTcQ==
B004VUV478,363034113733,ZWBRXFZQdA==
B00AFZ86BA,363034118220,
B07B7KT3G6,363034118161,ZGhcW1xXd2Q=
B009DH523G,363034124389,YGpVX15Rdw==
B07DWKB45Y,363034113564,
B004Z1JN6M,363034122585,Z2xcXlxYcmE=
B000IH80GQ,363034118200,
B0027SFPIU,363034122476,Z2FXW1dXc2w=
B06Y953MDL,363034122504,YmxUW19Zcmw=
B01MY2BOZN,363034113658,ZGhQWVdWfWI=
B0768GJ31M,363034113717,
708727573,363034118057,Y29RX1pUc2w=
708727654,363034118070,YG1TXFlUcWc=
070872762X,363034122602,Y29cW11Wc2c=
B004G6V4ZO,363034124412,Z2pSWFtQdWQ=
B000SHV176,363034118196,Y2lWW15Vcw==
B0793PL7ZZ,363034122506,ZGxUWlpWd2Q=
B00RHRT3I4,363034124570,YW5SX1lVcg==
B0069RLVH4,363034122659,Z2lRW1tScQ==
B00MGK9Q0C,363034113647,
B01M26II4X,363034124588,ZGhTVV1ScA==
B0047X594I,363034113598,Z2lQXVtWfQ==
B00AS4F7LU,363034124446,Z25TWldZdw==
1529124387,363034124430,YGlWXVpSfW0=
B0723DKS9C,363034124561,bmhcW1dQdw==
B000ZSW6EK,363034124560,ZWxdXF9SdA==
B003GPD51W,363034124504,ZWxXXVdYcQ==
702078301,363034113599,Y2FVVVpUc2I=
B00WQT4PCC,363034118071,Y29SVVZWdm0=
B000O52BHQ,363034118114,Z25SVV1Wd2U=
B01CNEM3GE,363034118187,ZG5dXFZXdQ==
B01KJICBMW,363034113615,ZWxcXVtXdw==
B0017NQLDO,363034124520,YG1TXF5Zd2U=
B01HNUSIJ4,363034124513,ZWpXXVtScGA=
B07PCZQC6N,363034113633,YGhSWFxQcmw=
B002V9JUKY,363034113603,Z2hSWVZTcWQ=
B005L0XOK2,363034122586,ZGBQW1tWcg==
B00NAFDIOM,363034122501,ZWhTVV5YdA==
B015Q8T26I,363034118182,YGlQXlhYdWA=
B001394ED6,363034124589,bm9RVV1QfQ==
B01BMGM3JG,363034113712,ZGlcVV9Rcmw=
B007ZPWIQC,363034122546,YmBcVFZZcA==
B07DQ91XNK,363034118047,Z2BdXl9VfWM=
B072KR3XL2,363034118119,YGxXVFxWfGU=
B015N5HGCQ,363034118090,
B002NKQ8OW,363034122628,Z2ldXFZXdGI=
B011UJ5TSC,363034118144,bmhTW1hT
B003ZJ8FAA,363034124519,ZG9SVV9WcQ==
B004C5T97O,363034122626,ZGxRXFxYfGQ=
B01G3PYWDQ,363034122514,b21WWVtRcg==
B07QF98Y88,363034118055,Y2BTXl5XdmQ=
B000068OT2,363034124453,YG1TXF5Zd2Q=
B071WBM36T,363034113649,
B07G9ZFGXL,363034113682,YGhTXVhQcWA=
B06XC84CKH,363034113697,ZWFTW1pQdg==
B07F2X97PW,363034124463,ZGldWllSdGQ=
B000LFTU1O,363034118163,
B000T9SDE2,363034118185,
B003TNWJ1I,363034118234,ZWxdVV9RdQ==
B000LFRYG2,363034113693,Z25WWltVdw==
B077G52H98,363034122484,Z2ldXFZTfGQ=
B019DT8RYE,363034118097,b2xSVV9SdQ==
B016OL0AVC,363034124391,b2pQXltSdg==
B001XSM04C,363034124472,ZGxTVFxSdw==
B005P21MNW,363034118110,Z2pQX19RdQ==
B002Q5A5OS,363034113629,
B010PM6XQW,363034118078,
B01MTXNS3F,363034122603,ZGFTXFZXfWY=
B07BQFT5N1,363034118252,ZGFTXFdVfW0=
B00EO1KXM6,363034118138,ZGBUVVZVcWc=
B00ZP43X4Q,363034124556,YG5SWl9Zcw==
746060122,363034122522,YG1TXFlVfW0=
B00KZIQIOO,363034124401,YG9UXF1TcWQ=
B003MPGSIS,363034124499,ZWpRXF9Tdw==
B00JDHX0JY,363034113704,YmhSXF9XdmU=
1539710882,363034122613,Z2xXXFZYcw==
B005OREPRS,363034122654,YG1TXFlUcW0=
B002W5VMDU,363034122487,bmhQW1tT
B0006UF6A8,363034118105,ZGhVVFZUcg==
B00PLYZI6Q,363034122525,ZGhUX1lSdw==
B07BK7HZ2L,363034124492,ZWhQWFdQc2U=
B0041SFJVM,363034122524,Z29WVVtScGY=
B079PCLKMF,363034122593,ZGhRXVdWdGI=
B01JACICRG,363034113721,YG1TXFdYc2M=
B07BYYVB3J,363034124435,ZGhRWVhQcG0=
B00O9YNKB4,363034118068,Z29cXl1WdmM=
B000UVZU1S,363034118177,ZG1TWlZSdg==
B013L0FGA4,363034122507,bmtcXFpZcQ==
B016DFAIIE,363034124451,Z2xVX1pTfWw=
B000TKHB76,363034118045,Z2ldW1dSfWI=
B00FBGHJUW,363034122549,b25WXVxR
B00RD59PJ2,363034122643,Y2FTWVhRdQ==
B00RD59PZQ,363034122498,ZW9QVVlQcw==
B003XOXAVG,363034122620,ZWxcXlhScA==
B00JUWRRDW,363034118132,
1409587606,363034113628,ZGtXWl5Wc2M=
B00B2L6PIM,363034122652,Z2pQXl1ZcA==
199961075X,363034122633,Y2pRW1xXfWY=
B0014ZLE5K,363034113609,
B072J2K78F,363034118042,YmlXWF1Rdg==
B01L8QHXJA,363034122490,Y29RVVlVcw==
B079RJLMFP,363034122477,ZGxVVVhScGI=
B07D4KX63L,363034122495,ZGxWWF1XfGA=
B06XFGHNGR,363034118215,
1784048542,363034124512,Y25QX19Rdw==
B07FZW61SC,363034122658,ZGlWWlZXcGM=
1945251867,363034122641,YG1TXFlUdWU=
B00IAEYN4W,363034124433,Z25TX1pZcmM=
B01N76RF8H,363034113614,ZGlWVF5Uc2c=
B00GUDVUXW,363034122460,ZG9dXFpVfQ==
B071CWNYCR,363034122568,Z2tRWFpXd2Q=
B00SFLCTDC,363034118124,YmxTVFhSdmY=
B002SPGZAE,363034118204,ZGFQWlxUcA==
B001VRGX02,363034122596,Z2xcXlxZc2I=
B005G8IDTQ,363034118180,
B074PXS439,363034118104,Z2tSXltQfWE=
B074PXCM96,363034113594,
B000X4JUYA,363034118216,Z2ldWFhZfGw=
B006J8HRTO,363034118040,Y25TXVZQdA==
1854861468,363034124541,YG1TXF5ZdWA=
B005838M7W,363034122578,Z2BXXldSdg==
B014MI6CXE,363034122573,Z2BcVFlZdg==
B008BHVK30,363034122491,ZG9dXFhXcw==
1510432256,363034124438,Y29XXVpSdmQ=
1781485259,363034122537,YG1TXFlUc2E=
141397985,363034118153,ZWlRVFZVdQ==
1090581335,363034124502,ZWxRXlZWfGI=
1408882191,363034118230,YWpSXl5Xcg==
1509836071,363034113730,Y29XVV1Ucw==
1787331350,363034124458,Y2tRVFtXfWU=
B01CA3XFEM,363034118247,Z2FXWVhQdGM=
1406372153,363034122614,ZGBQX1tZdQ==
1473635489,363034122534,ZW5VXFlUcg==
1948652234,363034124434,YG1TXF5Zcmc=
1780555822,363034124388,ZG1XWl5YdmU=
745977820,363034122636,YG1TXFlUcmU=
B008G02MHK,363034122459,Y2pUX1dYcw==
1849838399,363034124518,ZW1cW1lScg==
1526496208,363034113612,Y2BQXVZUcWc=
1409184676,363034122538,ZGhVXV1Yc2Y=
B000PBT3T8,363034118106,YmtRVF9ScQ==
1549815636,363034122554,Z2xcXl1RfGM=
B0725PD3RT,363034118111,ZWpSX11UdmA=
000830792X,363034122616,ZG1XW1xUdmI=
B01AMOO9IC,363034122482,Z2lSVF1Zcw==
B01AJZ8EMG,363034113597,ZGtQW1hRcWQ=
1118746678,363034113624,ZGBQVV9Udw==
1788700015,363034122601,ZGtQXlxVfWU=
000828542X,363034124392,YG1TXF5ZdWE=
1467924997,363034124577,YG1TXF5ZcWA=
1906465592,363034122530,ZGBQWVhYfQ==
B0798RG7TM,363034122547,ZWlTXFpWdmw=
B00LN4OZBW,363034113657,ZWBQWVpSdw==
B07N47P226,363034118191,
B016L2EW9U,363034113610,
B00HWUOLJC,363034118237,ZG9dXVlQdQ==
1526380153,363034118172,Y2BVVV5ZcmI=
B075FYKYPS,363034113653,ZGBUWF1Sd2Y=
B0006NNJY0,363034124573,YmFdVFhYc2Q=
B072FKDP8G,363034124437,ZG1SVV5TcWc=
B000MAPHTW,363034118244,YWtTWV1ZdQ==
B000H6FMCS,363034113656,YG1TXFlUcmc=
B079BYVC2C,363034122544,ZWlXX1dXfWw=
B00U2DWRD8,363034124477,ZW9WW15Xdw==
1795471859,363034122543,YG1TXFlVd2A=
B01LZVEO78,363034124397,ZGBRVV9VdA==
B006DYM0SW,363034118152,
B010FPYKU0,363034118175,ZGFQWl1Rcw==
B003ZV50AQ,363034124473,Z2lQXltZdg==
B000WFL6TC,363034122653,b2tRW1pTcA==
B00SEM8V3O,363034122655,ZG1XX1hQcg==
B005HXL74I,363034122607,Z25WVVZYcm0=
B01GEAGRM4,363034124496,YG1TXF5Zc2E=
1785984632,363034124476,YG1TXF5Zdmc=
1782215360,363034122488,Z2FSXltXc2U=
1452136319,363034122532,YG1TXFlUc2Q=
B00QV1F1C4,363034122461,Z2tUWVpWdWY=
B007CI0ZBC,363034122508,Z2lQXVpVfA==
B07D34SNJB,363034118142,YGlXVFlTdmA=
B00W7C6THM,363034122634,ZWtdWV9SfA==
1974516083,363034122632,YG5RXlxZcA==
B00124H48Y,363034124464,ZWhVXlxYdW0=
B000HEH3K4,363034124558,YG9VXFpSdm0=
B01F57VDJE,363034122597,Z2lQXllSfQ==
B004IK8CCG,363034122639,ZGBRVFtRfA==
1474948057,363034122615,YG1TXFlUcWM=
B0000DE7JL,363034124427,Z2lRVFZZcw==
B002X6DTHK,363034118113,YWpcW19Wdg==
B004GI1YW0,363034118206,Z2pQXFxZfA==
B00O29W27O,363034122561,ZGxUXldTdm0=
B077NQ2857,363034113559,Z2tSXVZZd2M=
B07N4PG4LX,363034118065,ZWpWWFpVc20=
B015FEY5OM,363034113703,Z2tUWVpWc20=
B07NR982D6,363034113568,Y29QVV1WdGM=
B073HGLWLH,363034124557,ZWtVXllVfA==
B073V4SRBZ,363034124450,YWpUXFdTfQ==
B003XLDYNI,363034113585,ZG1SVFdRcA==
B073HH2Z96,363034122513,ZWxdVVdYdA==
B0002E3GBY,363034118189,YWhSXFxZdQ==
B000HJ79Y4,363034118169,
B073XRRK68,363034124581,b21WWFZZfQ==
B0085MPC9O,363034113571,
B07YV7NWDY,363034113725,YGhSWFxTdWY=
B011CF5F1A,363034122635,ZG9VWl1Ycg==
B00H3EPRMC,363034122579,Z2lUXl9RdA==
B018VWH5FQ,363034122466,Z2lRWlpZcWI=
B00EJAGTLG,363034118192,
B00CU5F7GU,363034124547,Z2pQXllTcw==
B06Y5SDWBS,363034113702,Z25XXF5ScWU=
762462876,363034122516,Z2FRVVZQcGM=
B0084E35WY,363034113634,
B008N1WH4A,363034113553,
B019SL4Q42,363034118229,Z25dX1tYcg==
B00HA9EM58,363034122562,Y2lSVVdWcw==
B0001P16XO,363034124474,YGtTW1ZZ
B00154ZU46,363034124555,YWpUWltRcQ==
B071X2CM7C,363034118203,YWhTWFpVdg==
1509862560,363034113572,ZGxUVFdScWU=
1782439072,363034122462,YmpWX19Rdg==
B0116VH81A,363034113601,YW5WXF5Rdw==
B07QN8PYL5,363034113709,Y2BQWVdTfW0=
B005PN2H5I,363034124497,Z2lQXFtVfQ==
B00096ZTRY,363034124584,YG9VXFpScGw=
B0000VMN04,363034124528,Z2lQX1tZdQ==
B00237LTJ4,363034124517,Z25QW15Vc2A=
1409582612,363034122595,b21WWFdVcA==
B000LVLVT2,363034118232,b2lcX1hQcg==
B000P3DX6K,363034122589,YWhSXFdU
8857014169,363034124428,ZWpWXFlXdmY=
B07C5RYDJ6,363034113563,ZGtQXVxScGI=
B00V4IO2R4,363034113646,
B00IXL2AIS,363034122499,ZGxUVV9YcmQ=
B00QFY2BCK,363034113561,ZWhcVVlWfQ==
B074389PMT,363034124567,Z2lSWlZTdWw=
B01M2442NR,363034118202,Z2FXXltXdWY=
B01J34X2QC,363034113618,
1526361868,363034124413,Ym5UVF9TdWE=
B009YXVTR2,363034118241,
B06Y19DMBG,363034124511,Z2lUXl5Tcw==
B00GHNQCNS,363034122587,YG9RVVtRdA==
B01IAABUGE,363034122619,Ym9QWVlRfG0=
B003ASRLII,363034124554,ITEM0002
B01BLAHSGQ,363034124439,Y2FdXlpYdWw=
1904359116,363034122584,YG1TXFlVdWA=
B07539C7DT,363034118166,bmldXFpUcQ==
B01BY4FFEQ,363037609021,SKU0001
B06XB77CSH,363037609020,SKU0002
B00ELA0CL2,363037609028,SKU0003
B07H45NV4F,363037609044,SKU0004
B000ICRJQI,363037609022,SKU0005
B07YGQBHJL,363037609029,SKU0006
B00OLZ6YKK,363037609064,SKU0007
B06XPD1X1H,363037609036,SKU0008
B07NXJ56FX,363037609050,SKU0009
B00PBOLSTC,363037609061,SKU0010
B07C7WYYJM,363037609054,SKU0011
B01AHQZMN6,363037609043,SKU0012
B07BMHK5BX,363037609034,SKU0013
B00UAKY060,363037609052,SKU0014
B00478DDT6,363037609060,SKU0015
B0132HCADC,363037609041,SKU0016
B01D4GA4AM,363037609031,SKU0017
B002B550D4,363037609053,SKU0018
B07LCC115H,363037609030,SKU0019
B01AYHOWLG,363037609024,SKU0020
B005DUW6EK,363037609039,SKU0021
B002MVPPO6,363037609037,SKU0023
B003M343UU,363037609019,SKU0024
B00122ZKXM,363037609033,SKU0025
B017CZJDVW,363037609063,SKU0026
B000LCX4YG,363037609035,SKU0027
B0756GW8SJ,363037609057,SKU0028
B008JE5FQS,363037609042,SKU0029
B001W7GWCK,363037609049,SKU0030
B00P2HSQJS,363037609032,SKU0032
B0013GATGK,363037609059,SKU0033
B00BN1TW7C,363037609027,SKU0034
B072MZZBT5,363037609040,SKU0035
B00CCMKWZ2,363037609058,SKU0036
B00B1NKPRS,363037609047,SKU0037
B000X45I1Y,363037609055,SKU0038
B0002VL9PW,363037609038,SKU0039
B076GT6XJ9,363037609045,SKU0040
B0051ZH9DU,363037609062,SKU0041
B071LHJS7Y,363037609056,SKU0042
B06WP2XQD1,363037609046,SKU0043
B015ZK3TE8,363037609051,SKU0044
B07DHML8R3,363037609048,SKU0045
B00BCHUD3O,363039716929,SKU0058
B06XB77CSH,363039716930,SKU0060
B00CRBTG5U,363039716932,SKU0059
B00QGAIE24,363039716933,SKU0067
B003GB5S2U,363039716934,SKU0051
B004ZLAGLS,363039716935,SKU0056
B007TSU0E2,363039716937,SKU0069
B003MPEP4M,363039716940,SKU0092
B00N414T7W,363039716942,SKU0094
B00N5UO9UE,363039716943,SKU0098
B000LCX4YG,363039716945,SKU0085
B00OJ3UJ2S,363039716947,SKU0055
B000YJDF0Y,363039716949,SKU0047
B001AIQ0NC,363039716950,SKU0084
B000TAUF92,363039716951,SKU0070
B0056PS7Y0,363039716954,SKU0083
B003DBQJNU,363039716956,SKU0048
B000HEW0KW,363039716957,SKU0054
B017F85Q0S,363039716958,SKU0061
B00IRSMZR8,363039716960,SKU0079
B01LWXRVRA,363039716961,SKU0096
B0058TJ5B8,363039716962,SKU0072
B01BGGXDO6,363039716965,SKU0049
B01AHQZMN6,363039716966,SKU0076
B0017VGWEO,363039716967,SKU0078
B006UF2688,363039716969,SKU0089
B07X87R1TD,363039716970,SKU0064
B00IKGH2TI,363039716971,SKU0087
B003A4HPW4,363039716974,SKU0101
B006ZKXHFE,363039716975,SKU0065
B01DSSO6VY,363039716976,SKU0071
B000X45I1Y,363039716977,SKU0102
B005DUW6EK,363039716980,SKU0103
B00000JICB,363039716981,SKU0088
B0001E41FU,363039716982,SKU0104
B014H54CUW,363039716984,SKU0099
B0001IX3MI,363039716985,SKU0105
B0037LIZKQ,363039716987,SKU0106
B004YJRM68,363039716988,SKU0107
B00LMDWOEO,363039716989,SKU0108
B00BFFIKKQ,363039716990,SKU0109
B01AYHOWLG,363039716992,SKU0082
B00EZOASK4,363039716993,SKU0111
B0018D2QCI,363039716994,SKU0114
B019DQFZLU,363039716995,SKU0113
B001GMH9DW,363039716996,SKU0100
B001HCKDZM,363039716998,SKU0116
B085JKQXDJ,363039716999,SKU0118
B07JD5JYCB,363039717000,SKU0119
B008BGRXXM,363039717001,SKU0112
B00PSKQH18,363039717003,SKU0121
B000NE2UH4,363039717004,
B01AY03EGC,363039717005,SKU0117
B002Q0M5A0,363039717006,SKU0123
B01JYXFHRE,363039717007,SKU0120
B001B2I4WM,363039717008,SKU0124
B077T9391Z,363039717009,SKU0125
B00752K0OC,363039717012,SKU0129
B006EI0OLM,363039717013,SKU0130
B01N7VARIG,363039717014,SKU0131
B0044090GC,363039717015,SKU0132
B003M343UU,363039717020,SKU0135
B000PBWCBE,363039717022,SKU0137
B01FFRU1RO,363039717025,SKU0139
B01D4GA4AM,363039717028,SKU0140
B001JJYZN4,363039717029,SKU0142
B07Q7DGJYD,363039717030,SKU0133
B001BB1XBC,363039717032,SKU0145
B0013GATGK,363039717033,SKU0144
B071RSLZVN,363039717034,SKU0143
B07SQ1CHZZ,363039717036,SKU0141
B06XPD1X1H,363039717037,SKU0146
B002MEUFKW,363039717038,SKU0147
B00505ANI4,363039717040,SKU0150
B01DXSJP2O,363039717042,SKU0153
B003LGZCZ8,363039717043,SKU0152
B015ZK3TE8,363039717044,SKU0154
B003QXN3E8,363039717046,SKU0149
B004EK3KPY,363039717047,SKU0148
B003TJ9ZYG,363039717049,SKU0157
B0013NCXVM,363039717050,SKU0158
B0000AN3QI,363039717051,SKU0155
B01F3B9ZY2,363039717052,SKU0156
B005EF0I7Q,363039717053,SKU0160
B00JB4AODE,363039717054,SKU0161
B006XBT39Y,363039717056,SKU0163
B00VHLY9VC,363039717057,SKU0164
B00I4T6GHU,363039717058,SKU0165
B00MBIJO0G,363039717060,SKU0159
B075F9VBD9,363039717061,SKU0167
B004ULOYFM,363039717062,SKU0168
B00TM2F8W2,363039717065,SKU0171
B06VVWR9M3,363039717066,SKU0172
B01L4S9BF6,363039717067,SKU0169
B01MATK7UY,363039717070,SKU0175
B0052DI35E,363039717072,SKU0176
B01G3OC9FU,363039717075,SKU0180
B00LPIDLCA,363039717076,SKU0181
B072TY5VH4,363039717068,SKU0173
B00I9BM7N0,363039717073,SKU0178
B00014FU0U,363039717074,SKU0179
B0051ZH9DU,363039717079,SKU0184
B006HTXO2E,363039717081,SKU0185
B01A18L88I,363039717082,SKU0186
B07BQ5DH7T,363039717083,SKU0187
B00LNCFRYS,363039717084,SKU0188
B07C7WYYJM,363039717085,SKU0190
B00P7SIVAQ,363039717086,SKU0189
B00CN9AKWE,363039717091,SKU0195
B00ADIHUVG,363039717092,SKU0196
B002B550D4,363039717093,SKU0197
B00AWMV9CY,363039717094,SKU0198
B01I4ZCNU2,363039717097,SKU0200
B00G3DLIAO,363039717098,SKU0199
B0058NUA6S,363039717099,SKU0202
B000T9QZAG,363039717100,SKU0201
B00ZPZA3TI,363039717101,SKU0203
B00GNDSPBE,363039717102,SKU0204
B07P3G74L9,363039717103,SKU0205
B079RLRBXR,363039717104,SKU0207
2370990074,363039717105,SKU0206
B00R86DN62,363039717108,SKU0210
B07DQR8MZ1,363039717109,SKU0209
B01J3ZF4S0,363039717112,SKU0215
B001VEJ140,363039717113,SKU0212
B003NDV7OY,363039717114,SKU0216
B0031NSIIE,363039717115,SKU0217
B0791GBVY1,363039717116,SKU0214
B00122ZKXM,363039717117,SKU0218
8340005,363039717118,SKU0213
B00IE6Z4J4,363039717119,SKU0219
B003YD1VCG,363039717120,SKU0220
B00KKE8CC4,363039717121,SKU0221
B07176RNWP,363039717122,SKU0224
B01C6ZWAQI,363039717123,SKU0222
B002HMTXLQ,363039717124,SKU0225
B00IGCZ5MC,363039717125,SKU0228
B07YGQBHJL,363039717126,SKU0227
B01JYXFHEW,363039717127,SKU0223
B00P2OVGQ6,363039717128,SKU0226
B005ZALTC8,363039717130,SKU0229
B00AYRZYG4,363039717132,SKU0231
B0132HCADC,363039717133,SKU0234
B001EASOJY,363039717134,SKU0232
B000S858L0,363039717135,SKU0236
B015E4X4DQ,363039717136,SKU0235
B0002I9OA2,363039717138,SKU0237
B0057X87PK,363039717139,SKU0238
B00SL8BJ6M,363039717141,SKU0240
B015FE4APQ,363039717143,SKU0241
B00NQ9SGKS,363039717147,SKU0244
B00OLZ6YKK,363039717149,SKU0239
B000ORWKY8,363039717151,SKU0246
B00AFVB41S,363039717152,SKU0248
B07BFPKCGR,363039717153,SKU0247
B00BAVUUJY,363039717154,SKU0250
B001L93S3K,363039717155,SKU0249
B00097CDHC,363039717157,SKU0252
B000J6BP68,363039717159,SKU0255
B002IS0M32,363039717160,SKU0254
B000XIZQ2Q,363039717162,SKU0257
B004CG1HZ0,363039717164,SKU0259
B071G16LQQ,363039717165,SKU0260
B003H2GGZQ,363039717166,SKU0256
B005G1L1UQ,363039717167,SKU0261
B004RPG58A,363039717168,SKU0262
B07RDRHGD2,363039717169,SKU0263
B002TIJ1HY,363039717170,SKU0264
B00BE0D8P4,363039717171,SKU0266
B00CMR3H0O,363039717172,SKU0265
B07CWSKG2T,363039717173,SKU0268
B000TAY2EQ,363039717176,SKU0271
B005OQB2L6,363039717178,SKU0272
B00ELA0CL2,363039717179,SKU0274
B07B144CGW,363039717181,SKU0275
B000RVYV3E,363039717184,SKU0270
B075WYKW1Q,363039717186,SKU0278
B07PWHGQSS,363039717187,SKU0276
B01BY4FFEQ,363039717188,SKU0279
B009S2IVMK,363039717189,SKU0280
B0019M7OCA,363039717185,SKU0277
B004STFO5A,363039717190,SKU0282
1908261196,363039717191,SKU0281
B01ERGE9AY,363039717192,SKU0283
B0013GNM78,363039717193,SKU0285
B002KQ5CM8,363039717194,SKU0284
B01D4R2SRI,363039717195,SKU0289
B00CPNQXNS,363039717196,SKU0291
B07H45NV4F,363039717198,SKU0286
B015FE4AL0,363039717199,SKU0292
B00754EPB4,363039717201,SKU0287
B006DIA77E,363039717202,SKU0293
B000KHVKSY,363039717203,SKU0296
B0002EXY7K,363039717205,SKU0288
B004VV5PSQ,363039717206,SKU0297
B004DI77TC,363039717207,SKU0298
B001G7PYGG,363039717208,SKU0299
B00N4QRDVQ,363039717209,SKU0294
B00UNWOR90,363039717212,SKU0301
B0000AN3QH,363039717214,SKU0302
B01D8E1F8U,363039717216,SKU0305
B075GWF936,363039717218,SKU0307
B07QFDVJRP,363039717220,SKU0309
B003U2S53E,363039717223,SKU0306
B00B1NKPRS,363039717224,SKU0313
B004ZKA1RI,363039717225,SKU0314
B07YX4GM9L,363039717226,SKU0315
B07QNDN7BG,363039717228,SKU0317
B00280HM7Y,363039717229,SKU0318
B07BMHK5BX,363039717230,SKU0320
B00G37698Q,363039717231,SKU0322
B01F8W7CF0,363039717232,SKU0312
B078YFDVFB,363039717234,SKU0324
B078L3WJWM,363039717235,SKU0319
B003EGYZLC,363039717244,SKU0330
B07GP6MTSS,363039717236,SKU0325
B00QJ2CBAA,363039717237,SKU0326
B01B3BDPN8,363039717241,SKU0329
B0055429GO,363039717242,SKU0321
B06WP2XQD1,363039717246,SKU0333
B0000E5SES,363039717247,SKU0337
B00DP0AWS2,363039717248,SKU0336
B01LXKR35T,363039717251,SKU0332
B07DHML8R3,363039717252,SKU0340
B071CP6BQD,363039717255,SKU0338
B004MHR2GM,363039717257,SKU0343
B072MZZBT5,363039717258,SKU0344
B005IPPBNI,363039717259,SKU0339
B0014LJKUA,363039717260,SKU0341
B01BL2ZH0S,363039717261,SKU0345
B07QWV5JPC,363039717262,SKU0346
B000Y8LOS0,363039717264,SKU0348
B00CKRJX4A,363039717265,SKU0349
B001JB25NO,363039717266,SKU0350
B00478DDT6,363039717268,SKU0354
B01K1DQ2D4,363039717269,SKU0356
B00OVQUQHG,363039717270,SKU0355
B006H4T93C,363039717271,SKU0353
B01MZ6RNWC,363039717272,SKU0352
B008HQ63LO,363039717273,SKU0351
B01CNEM3EG,363039717274,SKU0357
B07LCC115H,363039717275,SKU0358
B0001IX56M,363039717277,SKU0359
B000ICRJQI,363039717278,SKU0360
B005F2OUT0,363039717280,SKU0362
B000YJ7K1E,363039717281,SKU0361
B003L10S2K,363039717282,SKU0363
B003KTM66E,363039717285,SKU0364
B00C6QAAB0,363039717286,SKU0368
B00FGUUW16,363039717287,SKU0367
B009ETFSCI,363039717288,SKU0370
B000PVHDHM,363039717289,SKU0366
B07M5TB164,363039717291,SKU0369
B001OCGGEM,363039717292,SKU0373
B001B5DIQG,363039717294,SKU0375
B0030G21B2,363039717295,SKU0376
B07G94RTB4,363039717296,SKU0374
B008JE5FQS,363039717298,SKU0377
B07DF465PV,363039717299,SKU0379
B00P2HSQJS,363039717302,SKU0381
B081S22ZNS,363039717303,SKU0382
B00PBOLSTC,363039717304,SKU0383
B07CVCTM3D,363039717306,SKU0385
B076DFHPS5,363039717308,SKU0388
B07FNRXZ4G,363039717309,SKU0387
B005SSQIXW,363039717310,SKU0389
B07K88RV9T,363039717313,SKU0390
B009GA5XVG,363039717314,SKU0393
B06XGXMQ6Z,363039717315,SKU0395
B0042FZJ0K,363039717316,SKU0394
B000HKZQFM,363039717317,SKU0396
B071LHJS7Y,363039717318,SKU0386
B07YGM6RD5,363039717319,SKU0397
B002Q0I2SE,363039717321,SKU0398
B00843M2TW,363039717322,SKU0399
B01K7LQ7H6,363039717323,SKU0401
B00SJ95NZG,363039717326,SKU0403
B07V3MNKMG,363039717327,SKU0404
B001HZMOII,363039717328,SKU0405
B006LGO4NG,363039717330,SKU0408
B00187TTUQ,363039717333,SKU0407
B0000E5SEQ,363039717336,SKU0411
B017ITJNDA,363039717338,SKU0413
B002SPRZQW,363039717339,SKU0410
B0756GW8SJ,363039717340,SKU0414
B0011NO7JK,363039717341,SKU0416
B001E97B4Y,363039717345,SKU0420
B004L4FM7M,363039717346,SKU0422
B078J43T9V,363039717348,SKU0424
B0080D1Q52,363039717351,SKU0421
B006A2JSTQ,363039716931,SKU0077
B01MUE9808,363039716968,SKU0075
B07NW673F7,363039717227,SKU0316
B076GT6XJ9,363039716946,SKU0080
B0018BW48Q,363039716959,SKU0097
B001W7GWCK,363039716953,SKU0046
B001DXK6CU,363039716955,SKU0086
B00R6AEAMQ,363039716928,
B000E60N84,363039716938,SKU0068
B0002EXYZ2,363039716983,SKU0095
B000TAT3W2,363039716978,SKU0053
B00J5ERXZM,363039716991,SKU0110
B0000CCY1S,363039716964,SKU0050
B00UAKY060,363039716972,SKU0091
B06XPWZ915,363039716926,SKU0057
B07K8SD2K2,363039716927,SKU0090
B017CZJDVW,363039717087,SKU0192
B07BFFBLNK,363039717071,SKU0177
B014H54BXU,363039717110,SKU0211
B00EZQ5WDA,363039717088,SKU0191
B0042UE3XY,363039717090,SKU0194
B00WSSFTN0,363039717011,SKU0127
B0074K1HRE,363039717016,SKU0128
B0050ND8NI,363039717017,SKU0134
B005UVUS9M,363039717238,SKU0327
B00CXP0A8M,363039717245,SKU0331
B00DP30SWE,363039717243,SKU0328
B001GFC0X8,363039717219,SKU0308
B006XBT25E,363039717142,SKU0233
B006WYBLE2,363039717145,SKU0242
B00KJ8FGKC,363039717146,SKU0243
B000Q7G7S6,363039717161,SKU0253
B07NXJ56FX,363039717331,SKU0406
B00CCMKWZ2,363039717337,SKU0412
B00ISQFAY4,363039717254,SKU0334
B0013DTS4M,363039717263,
B00095L3HA,363039717256,SKU0342
B00178QQJ8,363039717293,SKU0372
B00009YNGD,363044545466,SKU0436
B00009YNGE,363044545465,SKU0437
B000C1W0UK,363044545471,SKU0439
B000C2376U,363044545469,SKU0440
B000EULJLU,363044545472,SKU0442
B000JL7WQK,363044545474,SKU0443
B000P255VM,363044545475,SKU0444
B000RPLZAM,363044545477,SKU0445
B000VOLKEA,363044545478,SKU0446
B000VON73W,363044545481,SKU0447
B0017TQMBE,363044545479,SKU0448
B0037EEK7A,363044545485,SKU0453
B00389H738,363044545486,SKU0454
B003LQLPHW,363044545491,SKU0456
B003WKO790,363044545493,SKU0457
B0042GK2UQ,363044545492,SKU0458
B004KKXBFW,363044545496,SKU0459
B004QOKYCU,363044545494,SKU0460
B0062OF5L2,363044545501,SKU0463
B00652C29Y,363044545502,SKU0464
B0077LSMEQ,363044545503,SKU0465
B007O7AYYE,363044545504,SKU0466
B007O7AZBG,363044545506,SKU0467
B009OXQ3WI,363044545508,SKU0469
B00B5C2816,363044545509,SKU0470
B00EPEKG56,363044545513,SKU0475
B00G74AL9S,363044545524,SKU0482
B00H3CXGTU,363044545525,SKU0483
B00H8W7N80,363044545527,SKU0484
B00HCNQL2E,363044545528,SKU0485
B00LFBEOUA,363044545529,SKU0486
B00QPNVC0I,363044545532,SKU0489
B00S2WDIGG,363044545534,SKU0490
B00S89EGT6,363044545535,SKU0491
B00STWBUY6,363044545537,SKU0492
B00W8NNH34,363044545538,SKU0493
B00X4SCCFG,363044545542,SKU0495
B010SV32KK,363044545545,SKU0496
B0166VFP3I,363044545550,SKU0501
B017XGC3XU,363044545551,SKU0502
B01BSB56OY,363044545553,SKU0503
B01DJBHE9G,363044545554,SKU0504
B01KHM3LLK,363044545556,SKU0506
B01LFGOH6A,363044545557,SKU0507
B01N6T5W4Z,363044545559,SKU0509
B06VVXGSYS,363044545562,SKU0510
B06X91R7BM,363044545563,SKU0511
B06XSPS1FY,363044545564,SKU0512
B0751GYLTR,363044545565,SKU0513
B0753KBSNP,363044545566,SKU0514
B0753KDX1J,363044545567,SKU0515
B0759L45CG,363044545568,SKU0516
B075S4K5R8,363044545570,SKU0517
B076TMF5TD,363044545569,SKU0518
B078W926JQ,363044545577,SKU0523
B07B7S82X3,363044545580,SKU0524
B07CVDGRPV,363044545582,SKU0527
B07DJ31Q1C,363044545591,SKU0532
B07FYKFV3Y,363044545593,SKU0533
B07GS6ZB7T,363044545594,SKU0534
B07HZMTKQ5,363044545597,SKU0536
B07LD73TQW,363044545601,SKU0538
B07N81VPDQ,363044545602,SKU0540
B07NC1H7ZK,363044545603,SKU0541
B07Q9T6BDL,363044545607,SKU0542
B07R9ZNPTH,363044545609,SKU0543
B07S6BCC74,363044545610,SKU0544
B07TFFNMM1,363044545612,SKU0546
B07W5JKFQC,363044545613,SKU0547
B07W8WL7WJ,363044545615,SKU0548
B07YCGLFTZ,363044545619,SKU0551
B07Z46M7ZC,363044545620,SKU0552
B07ZGGJ1W8,363044545622,SKU0553
B081CW36M9,363044545621,SKU0554
B081QX9V2Y,363044545623,SKU0555
B081QXQ86Y,363044545625,SKU0556
B0080CVCYS,363044545628,SKU0557
B019Z6SYIE,363044545627,SKU0558
B01DUXO93C,363044545629,SKU0559
B07Z3YFK87,363044545632,SKU0560
B00FWRVUJ6,363044545630,SKU0562
B00FWQXWH0,363044545633,SKU0564
B00ABOLZOA,363044545636,SKU0566
B079Y882CJ,363044545637,SKU0567
B0014WJAOU,363044545641,SKU0570
B00DWY23ME,363050649070,SKU00608
B00JIL802C,363050649075,SKU00588
B000X29GE6,363050649077,SKU00593
B001EQTTTW,363050649081,SKU00610
B004R9POBU,363050649088,SKU00575
B0006L25FQ,363050649099,SKU00583
B00HZRC7IO,363050649101,SKU00594
B07KWHW9SN,363050649102,SKU00584
B000JTR8CA,363050649111,SKU00609
B001TM6XWW,363050649112,SKU00590
B07N9DZ673,363050649124,SKU00618
B003CT4DB8,363050649071,SKU00605
B000CK26VO,363050649072,SKU00586
B07DLYRPJ4,363050649073,SKU00587
B000FII3YM,363050649076,SKU00599
B01N32UI37,363050649078,SKU00620
B00002N5R7,363050649079,SKU00585
B077Y8G5YN,363050649082,SKU00591
B07SPLQD1Z,363050649083,SKU00597
B000Y8GMUU,363050649086,SKU00582
B0026MT3OO,363050649087,SKU00606
B003XLBZNO,363050649090,SKU00619
B01NAS6ZQ4,363050649091,SKU00611
B004MA1922,363050649092,SKU00598
B0043YJB4K,363050649093,SKU00604
B007L7ABDQ,363050649094,SKU00603
B009E29I1M,363050649095,SKU00580
B01B4LKIPA,363050649096,SKU00571
B001CSUJCI,363050649097,SKU00573
B01MS6EF23,363050649098,SKU00621
B077Y5W7DW,363050649100,SKU00577
B013XC64J2,363050649103,SKU00615
B00UNJTJW8,363050649105,SKU00592
B016PW3JSG,363050649106,SKU00581
B076Q8MV1G,363050649107,SKU00595
B005BDB582,363050649108,SKU00614
B000LFRSL8,363050649109,SKU00601
B0012RI42G,363050649110,SKU00617
B000LFRYD0,363050649114,SKU00616
B0009VX200,363050649116,SKU00600
B0160RIB52,363050649117,SKU00578
B01DO8QHGU,363050649118,SKU00576
B001554X7U,363050649119,SKU00624
B073J26JMP,363050649121,SKU00579
B00A21RFPK,363050649122,SKU00623
B07J9HYSCB,363050649125,SKU00613
B0002BUQ24,363050649126,SKU00612
B001DQESXA,363051482511,SKU00627
B004XNLCKW,363051482515,SKU00632
1789080657,363051482517,SKU00633
B000BFJ7G2,363051482519,SKU00634
B000KVJMVW,363051482520,SKU00635
B07GV7Z5TY,363051482523,SKU00638
B07CCDW83W,363051482524,SKU00639
164001117X,363051482526,SKU00641
B002M80Y5O,363051482528,SKU00644
B01ABXDKRU,363051482525,SKU00640
B003WUGR6G,363051482534,SKU00649
B00026LJRK,363051482535,SKU00648
B01CAFYIF0,363051482536,SKU00646
B00EV3ZHNC,363051482539,SKU00653
0692168729,363051482548,SKU00659
B001RYSEVK,363051482552,SKU00663
B0001M0H3W,363051482553,SKU00665
1979601739,363051482557,SKU00669
B00IG0HE4G,363051482560,SKU00671
B0073HOZ6S,363051482563,SKU00668
B00R1F1ZRE,363051482564,SKU00672
B00HRRCC2I,363051482566,SKU00676
B00ULLKDAK,363051482569,SKU00678
B004P15FLE,363051482578,SKU00688
B005VPNGVE,363051482580,SKU00689
1521399158,363051482579,SKU00685
B00BN7ZZ8Q,363051482588,SKU00695
B00S9L88EW,363051482590,SKU00693
B01G3OCEVO,363051482585,SKU00692
B000TARC7A,363051482565,SKU00674
B0001IX55S,363051482567,SKU00673
B074XP4CGF,363051482572,SKU00681
B007SOV4JM,363051482574,SKU00683
B000TAQU4Q,363051482568,SKU00677
B07T8JKVNT,363051482570,SKU00679
B003MPKA78,363051482571,SKU00680
B07JGK8B8G,363051482518,SKU00631
B001ETUD5I,363051482512,SKU00629
B071VMKBVY,363051482513,SKU00630
B01KZN0IJY,363051482514,SKU00628
B000SDQ1TI,363051482521,SKU00636
B002C79CMQ,363051482522,SKU00637
B000TAVXWU,363051482509,SKU00626
B000NJUWME,363051482549,SKU00650
B00LS5NFQ2,363051482551,SKU00664
B00ELJDAVM,363051482547,SKU00660
B00XJIYQF0,363051482558,SKU00667
B0032NEX96,363051482559,SKU00670
1916300405,363051482554,SKU00661
1409591220,363051482555,SKU00666
B008H39XQO,363051482533,SKU00647
B00N9506RA,363051482529,SKU00642
B000VPL7UQ,363051482531,SKU00645
B07B4SR992,363051482540,SKU00654
B07482RBQC,363051482541,SKU00656
B00IKGCOGE,363051482542,SKU00657
B00EHGUP5S,363051482543,SKU00655
B00V5U4KH8,363051482537,SKU00652
170201939X,363051482538,SKU00651
